title,description
"Arm Wrestle!",Verse a non player in an Arm Wrestle. Anyone can win.\n\nFilm it if they consent.(The Summer Clause: You gain a bonus band if you arm wrestle a cop)
"Honk Hunt",Get any vehicle to honk their horn.
"Hickery Dickery Dock","Find the closest analogue clock and sing the nursery rhyme ""Hickery Dickery Dock"".\n\nYou must record video evidence to claim your band.\n\nThe lyrics are as follows:\n\nHickory dickory dock\nThe sheep hid from its flock\nThe flock called once\nThe sheep did run\nHickory dickory dock\nHickory dickory dock\nThe sheep hid from its flock\nThe flock called twice\nAnd that was nice!\nHickory dickory dock\nHickory dickory dock\nThe sheep hid from its flock\nThe flock called thrice\nAnd that was wise\nHickory dickory dock"
"Business Card Rush",Collect business cards from different locations or people. You have 5 minutes from now to find the first card.\n\nThe timer resets to 5 minutes every time you find another card.\n\nThe challenge is over when your timer ends. The challenge is vetoed if you find no cards.\n\nYou receive 1 band per card.\n\nYour time starts now!
"Instant Veto!",UH OH!\n\nThis challenge is an instant veto. You must wait 8 minutes before scanning or participating in a challenge.\n\nSometimes that's the risk you take…
"Do You Know The Muffin Man?","You must call out ""Do yOu kNoW tHe MuFfIn MaN?"".\n\nYou must get a non-player to respond with one of the following:\n- ""Who lives on Drury Lane?""\n- ""The muffin man?""\n\nPlease film only yourself while you attempt this challenge."
"Loop de Loop",Take any form of public transport at least for one stop. Return to the node location you're currently at.\n\nYou may only receive your band when you return to this location.
"Photo Recreation?",Find at least 2 teammates (3 people total) and recreate this photo.\n\nEach participating player receives a band.
"Leap Frog Relay!",Find at least 2 teammates to play leap frog.\n\nEveryone must leap over each other at least twice. Provide video evidence.\n\nAll participating players receive a band.
"Crab Walk!",Crab walk to the nearest bench including crab hands. Provide video footage.\n\nYou don't need to do crab hands with the hand you use to film yourself.
"Time For A Fit Check",Find the nearest clothing store that is having a sale. You have 6 minutes from when you enter the store to put an outfit together and model it.\n\nYou do not need to purchase it. Make a short video advertising your get up.
"Human Pyramid!",Find at least 2 teammates and make a human pyramid.\n\nEach participant gets a band.\n\nYou must film your attempt.
"Dizzy Dash",Spin around as fast as you can for 20 seconds and then run to the nearest street pole that's at least 10m away and back.\n\nYou must film your attempt from your POV.
"Wake Up Jeff!",You may NOT read this challenge aloud. You may NOT tell anyone you have pulled this challenge!\n\nPretend to be sleeping. This can be done in any position that is safe and comfortable. A teammate must physically touch you to wake you up without being prompted by you.\n\nEach player involved gets a band.
"Lonely Statue",Pick a location and stand like a statue with your hand out waiting for a high-five.\n\nYou may not use your phone for anything other than a timer during this challenge.\n\nYou must stand in that position for 8 minutes. You may take a band and stop standing in that position only if a non-player high-fives you.\n\nYou do NOT have to wait another 8 minutes as a veto period if you don't get a high-five. You have already served the veto period. And you got rejected by everyone around you... Ouch...\n\nYour time starts now!
"Spelling Bee Shootout",Find 2 teammates for a Spelling Bee Shootout.\n\nEach teammate may attempt each word once. You may Google a word if you don't know it. You may use it in a sentence if the contestants request it.\n\nBetween the two of them they must correctly spell 3 of these 5 words exactly as they are spelled here:\nAccommodate\nTheir\nMourning\nMussel\nLeisure.\n\nAll participating players get a band if they succeed. The challenge is vetoed if they fail.
"Cairn You Stack 'Em?",You must create a single stack of rocks using rocks found nearby.\n\nYou must stack at least 3 rocks in order to not veto this challenge.\n\nYou receive bands depending on how many rocks you can stack:\n3 Rocks = 1 Band\n6 Rocks = 2 Bands\n9+ Rocks = 3 Bands\n\nYou have 5 minutes. Your time starts right now!
"Tattoo Interview",Interview someone with tattoos. Ask them at least 3 of the following questions:\nWhat's the meaning of one of your tattoos?\nWhere are you from?\nWhat was your first tattoo?\nWhy did you get it?\nIf you could remove a tattoo which one would it be and why?\n\nYou may film if you choose to and only if the interviewee consents.
"Feel The Burn!",Hold either:\n- A Plank (straight back while resting only on your forearms and toes)\nor\n- A Squat (fully seated position with your hands out in front of you).\n\nChoose your poison and hold it for 90 seconds to complete the challenge.\n\nYou may attempt only once and you must film this attempt.
"Pet Interview",Interview a person with a pet. Ask them the following questions:\nWhat is the owner's name?\nWhat is the pet's name?\nWhat breed is the pet?\nHow long have they had the pet for?\nWhat's the most expensive/annoying thing the pet has ever done?\n\nYou may film if you choose to and only if the interviewee consents.
"Run Monkey Run!",Go to the nearest park or grassy area. Do a 'monkey run' (running on all fours) for 30 seconds.\n\nYou must provide video evidence.
"I Want It That Way","Sing aloud the first verse and chorus of ""I Want It That Way"" by The Backstreet Boys.\nMultiple players from your team may attempt this challenge together. Each participating player gets a band.\n\nYou must film your attempt.\n\nFor the uninitiated... here are the lyrics:\n\nYou are my fire\nThe one desire\nBelieve when I say\nI want it that way\nTell me why\nAin't nothin' but a heartache\nTell me why\nAin't nothing but a mistake\nTell me why\nI never wanna hear you say\nI want it that way"
"Seriously? I Know…",Call any non-player and hold a phone call for 60 seconds using only the words 'Seriously' and 'I know'.\n\nIf they don't pick up on the first attempt or if they hang up within 60 seconds it's an instant veto.\n\nYou get one attempt.
"Kanga-Race",Verse a non-player in a kangaroo race.\n\nYou must both jump like a kangaroo past two stores or buildings. You start at the beginning of the first store/building and finish at the end of the second.\n\nYou must film your attempt only if your opponent consents.
"Look! It's A Rainbow!",Create a rainbow with the following colours:\n\nRed\nYellow\nPink\nGreen\nOrange\nPurple\nBlue\n\nYou may only use natural organic items around you to construct your rainbow.\n\nYou must take a photo of your masterpiece.
"Cartwheel Craziness",Both you and a willing non-player must attempt a cartwheel.\n\nYou do not have to do a good cartwheel but it must be a genuine attempt.\n\nFilm your attempt only if the other person consents.
"Months Alphabet Race",Race a non-player to say the months of the year in alphabetical order. You do not have to win.\n\nNo practice beforehand - not even sneaky mental practice!\n\nFilm your attempt only if they consent.
"Bird Hunt!",You must take a photo of 5 different species of bird.\n\nYou have 10 minutes. Your time starts now!
"Fast Facts Quiz",Ask a non-player to play fast facts with you. Film their attempt only if they consent.\n\nYou must ask them the 10 questions listed below:\n\nWhat colours are in the Australian flag? (Ans: Blue + Red + White)\nHow many stars are in the Southern Cross? (Ans: 5)\nWhat 2 Aussie animals can be found on the Australian coat of arms? (Ans: Kangaroo & Emu)\nWhat does CD stand for in terms of data storage? (Ans: Compact Disc)\nWhat is the tallest building in Sydney CBD? (Ans: Either the Crown Tower or Centrepoint Tower)\nName the 2 main bridges that allow traffic in and out of Sydney CBD. (Ans: ANZAC Bridge + Sydney Harbour Bridge)\nWhich body part has more bones - hands or feet? (Ans: Hands)\nWhat is a human's largest organ? (Ans: Skin)\nWhich one is not like the other?\n- Wallabie\n- Koala\n- Joey\n- Alligator\n- Jabiru\n(Ans: Alligator – it doesn’t live in Australia.)\nIn what state of Australia will you find the world's happiest animal - the Quokka? (Ans: WA)\n\nYou may take one band once you've completed this game with the non-player.
"Instant Veto",UH OH!\n\nThis challenge is an instant veto. You must wait 8 minutes before scanning or participating in a challenge.\n\nSometimes that's the risk you take…
"Instant Veto",UH OH!\n\nThis challenge is an instant veto. You must wait 8 minutes before scanning or participating in a challenge.\n\nSometimes that's the risk you take…
"Victory Lap","Run a celebratory lap around a public object while cheering dramatically. Film the lap."
"Treat yourself","Go and purchase a 50c soft serve cone from McDonalds. If you put the soft serve on your head like a unicorn and take a selfie. You get a bonus band."
"The Fashion Runway","Turn a public walkway into a fashion runway for 30 seconds."
"Public Safety Announcement","Find a traffic cone/ warning sign/ or safety barrier. For 20 seconds you must act as its official spokesperson and dramatically warn the public about the ""dangers"" nearby."
"Public Fitness Instructor","Lead a real or imagined group through a 30-second workout. Film the workout."
"Pitch Perfect","You and 3 teammates must create a 20-second song using only body percussion and voices. Each player gets a band."
"Paper Air Ace","Fold and fly a paper airplane. It must travel at least 5 metres."
"Ice Bucket Challenge Budget Edition","Carefully pour a metric cup of water over a willing teammate's head. Film the reaction."
"Rival Recon","Take a photo of a player from another team. Their wristband must be visible in the photo."